-1.040766773157064812e-01,-8.072877480309971210e-01,6.621321930101283781e-01
-3.772237814743391038e-01,-5.570967749594863960e-01,2.887529825173911213e-01
3.647982819236972873e-01,-1.515666496946673325e+00,1.157374269639046549e+00
-1.821947615333760484e-01,-5.739625140812444348e-01,1.825948683818261198e-01
5.123813287396025151e-01,4.274552376351493099e-01,5.759217903839601582e-02
-1.219206835690124002e+00,2.005543412681553672e+00,-1.331182433486774785e+00
6.983475464219359718e-01,-1.069954057161103034e+00,9.821933407188073728e-01
-1.983772148483273101e+00,4.488630858450338046e+00,-3.326230910692050458e+00
5.507919075192628799e-01,-3.232541549542622406e+00,2.317968236546933181e+00
-4.076573255309495103e+00,4.977144393426002011e+00,-4.492314499401703465e+00
-6.470413068137037538e-01,-2.615988726986431256e-01,-5.226478094261062524e-02
-1.746532319833945246e-01,-5.768962277895083313e-01,3.052043655687625145e-01
-2.485077245110607791e+00,4.574431042125730151e+00,-3.767210226574643883e+00
-1.440865252056834578e+00,1.271580373332151348e+00,-1.101317650098958323e+00
-1.530240399218207203e+00,3.666905969071306171e+00,-2.823022124636769270e+00
2.146295784543878149e+00,-2.969315905593215454e+00,2.381154571787045260e+00
-9.550689803960270563e-01,9.227169995388206231e-03,-4.404926068636265124e-01
3.947942414306591097e-01,1.398887360752270603e-01,5.340649585129539356e-02
-5.109412506831554346e-01,-6.468011645356981365e-01,2.271882778978460971e-01
-8.322261273395357983e-02,1.762591552347313184e-01,-1.726713659109309629e-01
-1.750204620761107499e+00,3.014795603699002235e+00,-2.163110731231541628e+00
6.264059969345346923e-01,-3.939358232478255561e-01,3.321542291211496134e-01
-1.784598560481645002e+00,3.852428811093310035e+00,-2.926262692637615181e+00
-7.837919433115945189e-01,1.204473861839301163e+00,-9.005809726677908023e-01
1.261974431195262758e+00,-3.262349184226419396e+00,2.252442972576268243e+00
-2.380790363933006082e-01,3.047004342222037199e+00,-1.894599714061759199e+00
-2.432101330354455193e+00,4.825400430670089946e+00,-3.753779226608630282e+00
-3.465790747223808310e+00,6.227999589520692325e+00,-5.158226118833423079e+00
1.569247132164801162e+00,-1.041499716554735278e+00,1.234359336992099543e+00
-2.937686400447484747e+00,5.070422455802151340e+00,-4.028427150832148307e+00
-1.539137850611279168e+00,4.715924948505967329e+00,-3.477013462196370863e+00
1.516585579903063363e-01,3.148970286402913432e-01,-3.248387458161378083e-01
1.435121996495123120e-01,3.120349765648329152e-03,1.134908383476457804e-02
-1.876811987912220703e+00,2.188143304346414020e+00,-2.015549534411953392e+00
-4.404686573514616788e-01,-5.429603149804309581e-01,1.208729050939985478e-01
-1.369732482817914487e+00,2.579545566675305324e+00,-2.007728096753992553e+00
-2.954182517193320034e-01,-8.554621994302091803e-02,9.919913684509036600e-02
-2.923963893258399338e+00,5.693650109253226788e+00,-4.467024985177276974e+00
-1.145647434068749027e+00,8.486402998654181129e-01,-1.095408467710033751e+00
1.100687371567875994e+00,-3.641268620203587325e+00,2.601766093365925236e+00
1.290712695403727350e+00,-1.856691480916859094e+00,1.510639629720116561e+00
5.046644003714131355e-01,-1.269206895140546692e-03,-2.453044088240077802e-02
-1.922594986634792225e+00,2.603335024210211568e+00,-2.319981902141101227e+00
2.081195709300424301e+00,-3.149836328783331307e+00,2.812187570442473472e+00
-3.039271290897658379e-02,5.018779331422758005e-01,-3.865525222060555571e-02
4.205884489150575334e-01,9.241288902823145968e-01,-3.911993231275440186e-01
2.806144605694605332e+00,-4.594114937147397271e+00,3.924686823652783652e+00
-9.046101354605829981e-01,-2.767992399599164197e-02,-2.119376002364879441e-01
-2.132771262492279551e-01,1.092934750958973078e+00,-8.368289438770458721e-01
-9.706985813989058576e-01,1.277550131081376383e+00,-1.290574471361727316e+00
4.351079845942178448e-01,-2.646721104866354146e+00,1.983313502632963576e+00
1.145895344998828780e-01,-6.044719174492398928e-01,1.048918586597204355e-01
-2.533559074355641538e+00,3.273812038208265385e+00,-2.970426315404890882e+00
2.638115100838071214e+00,-5.427459447421376204e+00,4.298179771964675489e+00
-2.869474390840183187e-01,-2.559785449860055850e-01,1.995828546200499043e-01
-1.580358156120623025e+00,3.473737482615826266e+00,-2.644733848089761530e+00
-4.431721795935835928e+00,5.896950418149340400e+00,-5.153580730872263871e+00
-2.201655464142688867e-01,5.727613585254802686e-01,-4.999214027461880150e-01
4.106750975454706243e+00,-6.703102637614137826e+00,5.637082795838792570e+00
-3.005171158048944857e+00,4.019422554672447134e+00,-3.435898949969122818e+00
-9.409966644890598308e-01,1.336240408862640061e-01,-2.796276643828711217e-01
-2.530418832012314656e+00,4.295711883619403260e+00,-3.209208333528732915e+00
2.994443104201999883e+00,-4.804667586967553028e+00,4.279871719411125319e+00
-3.642868608156001886e-01,1.308382095304381210e+00,-7.073241046130290810e-01
-2.706406535948003622e+00,6.582040558524499652e+00,-5.019463477521258099e+00
-2.487917994825172840e+00,4.033991326769257313e+00,-3.311873866564247759e+00
-1.811231378329342778e+00,2.634780664147299944e+00,-2.319877845971008767e+00
-2.564162065380430899e+00,4.172503337909371446e+00,-3.506921277550707927e+00
6.783986982500134211e-02,-2.139368310493134084e-01,1.479949150573954264e-01
1.137086900767849462e+00,-2.996035036761297565e+00,2.124394439525318479e+00
-8.295976205981511198e-01,1.682647133554713959e+00,-1.529877588125692967e+00
2.517990397674281677e+00,-4.508154397640696587e+00,3.742826501808362849e+00
3.665313409855161630e+00,-7.970047133976261300e+00,5.964869831225346530e+00
1.775739041240732119e+00,-1.568122165894104691e+00,1.438610650360180543e+00
-9.132354356469860601e-01,2.308797985221907823e+00,-1.713112338081335784e+00
7.241986348807524232e-01,-2.418853230330893389e+00,1.766548588770715966e+00
3.779679469780533596e-01,-1.199219111552120909e+00,9.889193327497917130e-01
3.515521756311157819e+00,-5.434559573724580872e+00,4.541360434077820862e+00
-8.727369158487142675e-01,1.104337101226033235e+00,-1.191655035316543154e+00
4.745427948686671282e-01,-1.577489011629933158e+00,1.225691381595760188e+00
1.066279711794464014e+00,-6.724731879144880686e-01,7.353184863400724636e-01
2.173751430137171869e+00,-3.623941970523309575e+00,2.784224040394695177e+00
-3.879791353568177725e-01,7.420234514558994576e-02,-2.570889956982688185e-01
1.351904601461219046e+00,-1.898777337095431506e+00,1.695248570091240747e+00
-1.287417432217200952e+00,1.204086176310237066e+00,-1.087979991648047706e+00
-9.877553326399766132e-01,2.100377569043783144e+00,-1.659693369444268374e+00
-3.913321053384818393e-01,1.672133693437326984e+00,-1.172230791855808585e+00
-3.086498525517569202e+00,5.196056931730312023e+00,-4.225654282283326957e+00
-1.939375735871291973e+00,3.679537481982004365e+00,-3.064351246590717004e+00
1.235267291298897341e+00,-2.347444285351894866e+00,1.673078004904955618e+00
-8.601204955397916407e-01,-8.302391607846348887e-01,3.074364100366787089e-01
3.815354393007115985e-01,-1.384391356711510257e+00,9.493471361529814967e-01
1.530941553795031940e+00,-2.436816309278917014e+00,1.927671576332679271e+00
-1.584336576501510496e+00,2.330642601669989933e+00,-2.017832452771386009e+00
-4.396063017631575420e-02,1.055142035356952501e+00,-7.600754404564693534e-01
-7.038066654338669403e-01,2.069141678879046431e+00,-1.491742972316002724e+00
-1.041299259972090274e+00,2.854803166859031904e+00,-2.003505691261768362e+00
-3.111238216771791687e-01,1.722832499905548875e+00,-1.324538342299036220e+00
-1.762780662623700145e+00,3.648431897779379263e+00,-2.835334618639016480e+00
-3.480379067813561822e-02,-9.202726513834303956e-01,6.158577860221302602e-01
-1.776397244142408294e+00,4.016807876431929714e+00,-3.340423697759056676e+00
1.732623394295058850e+00,-3.417858620056379859e+00,2.519170401791915648e+00
1.645799319082303924e-01,-5.952361368218884730e-01,3.547984076995854830e-01
-3.516376295841540767e+00,5.104623071503809228e+00,-4.362048754414302287e+00
-4.901427710305052976e-01,1.454878529592889658e+00,-1.208922449467857207e+00
3.837500704086411196e-01,-1.895613287376915368e+00,1.308745420643142143e+00
-2.364096163016737029e-01,-8.354508107398241901e-01,4.835869503841841999e-01
8.768032132551382141e-01,-1.811292392762754666e+00,1.455931186501342678e+00
9.035985817020224520e-01,-2.202643444809778028e+00,1.576558332159265330e+00
-9.586028497903207324e-01,3.421128694015632465e+00,-2.429108959391923506e+00
-1.821086770277916989e+00,2.723318365357319859e+00,-2.338257082253289543e+00
-3.282300958766751542e+00,3.826355531801675980e+00,-3.455363409797475693e+00
2.454993296923486223e+00,-4.901032583474254523e+00,3.893643588898235919e+00
-1.370668514191532017e+00,1.599548017660372912e+00,-1.241354535455661656e+00
4.014178852914534468e-01,-2.212708002365915139e+00,1.455740090410204246e+00
1.115832815497473485e+00,-2.454653512369991297e+00,1.580516310958249404e+00
-4.959085620194075616e+00,7.803991765381891099e+00,-6.404969068571208624e+00
-2.063317011216666830e-01,1.275508708997785012e+00,-9.263661873523899581e-01
1.564867559932180630e+00,-4.068035599717813255e+00,3.048623218641643540e+00
2.353287491735267967e+00,-3.791691684682588104e+00,3.035433756514718695e+00
7.280973955440395162e-01,-1.075664383416949699e+00,1.049199003211133352e+00
-1.412191178679840453e+00,3.456486571510332340e+00,-2.415367581674419561e+00
-1.668908623312814532e+00,2.374387847123714756e+00,-2.045440117373085620e+00
5.370645861464972137e-01,-1.670668011544453879e-01,2.682287050059646294e-01
-2.635893237692060076e+00,3.151803571933248005e+00,-2.931158868837640430e+00
-1.339748705504556936e+00,3.460752436537697374e+00,-2.355025644967990495e+00
2.086441751323767912e-01,3.955938542231055566e-01,-1.896606057851677185e-01
-2.414898395231802386e+00,3.198327974158057252e+00,-2.770578470597105714e+00
9.918243657139285130e-01,-1.065628085496622024e+00,9.648227063495901090e-01
-1.688601573280429813e+00,1.910995397253677064e+00,-1.752709730444472314e+00
-2.952990696377919999e+00,5.711765929872854919e+00,-4.475061032606428846e+00
3.156325045102836402e+00,-6.241780414685316636e+00,4.781438727542400180e+00
1.046723061661879450e+00,-8.765412200778114823e-03,4.870105361729593629e-01
1.622951240398440076e+00,-3.133381403873138904e+00,2.408083638497002799e+00
1.245171958911464316e-01,-8.589566483648137796e-01,4.894265743673962277e-01
1.704477161304226218e+00,-2.121037129293822598e+00,1.795976572052612630e+00
1.791541270804089869e+00,-1.668305248754110570e+00,1.616984609367742021e+00
7.689132459608351289e-02,-4.008749840875836523e-01,2.533031979085670349e-01
-6.428039915431837947e-01,7.683664550075920419e-01,-6.384574512014364878e-01
1.173398453953717668e+00,-1.835964920222306507e+00,1.505544874378140330e+00
-1.616436316290582598e-01,8.881114424771163751e-01,-4.764201188323310410e-01
-3.884976294367634697e-01,1.832819790101804180e+00,-9.023980699089634294e-01
5.007305898064873695e+00,-8.507276952994246244e+00,6.813744825317612275e+00
1.754283028738379713e+00,-1.853024357443828762e+00,1.762985912083283813e+00
-1.760058922381513957e+00,2.491210682582277069e+00,-2.141526724322432518e+00
-4.510507982320438813e+00,8.123841748361890325e+00,-6.417806825096130652e+00
-1.179968779351457497e+00,1.660665613854463984e+00,-1.510817654776161589e+00
3.079711967245442494e+00,-7.302095145882962157e+00,5.461289934751094144e+00
5.285399401772724604e-01,6.757299501906243178e-01,-2.302596982615162380e-01
5.693152479353229545e-01,2.114316939920092564e-01,2.151038725951441022e-01
-1.219890602909142086e+00,1.496265727966283876e+00,-1.178885862955639352e+00
-8.073244056950609204e-01,3.227901045449641515e-01,-4.135413107636437546e-01
-1.828989969250115699e+00,3.965422375976258795e+00,-3.307499879709256074e+00
-3.527633697355759157e+00,4.812179698380250947e+00,-4.332007041359108079e+00
8.866463608584682632e-01,-1.483958186227587239e+00,1.197140595123343365e+00
1.025812173108252345e+00,-1.979355000025486477e+00,1.751620248391078327e+00
1.892299565755981128e+00,-3.778397131334479742e+00,2.885767905900949337e+00
6.946383704038582296e-01,-3.347573693518152371e+00,2.465568646197315861e+00
2.793812024841007435e+00,-4.209068419019438068e+00,3.463245872646675050e+00
-1.742837413365605714e+00,3.069313342696165403e+00,-2.593170699372704835e+00
-3.763112166758889043e-01,1.589502214557747761e+00,-1.260480096989881060e+00
-1.531895797675270288e+00,2.874459627053083111e+00,-2.138278230615693332e+00
1.960719122794486013e+00,-2.537474715327450170e+00,2.239705565925560915e+00
-1.861345111400479313e+00,9.887718459179615227e-01,-1.292386674078263020e+00
-2.819624378652028973e+00,4.109401771853030461e+00,-3.584655591800337771e+00
-1.489778088106886278e+00,3.202009428893687559e+00,-2.481958366096036706e+00
2.924215139129360819e-01,-4.382100630990257706e-01,4.625780858885807367e-01
1.517083202062116998e+00,-2.514052794584783701e+00,2.256699944071360431e+00
-1.714766372720561094e+00,3.004992210062988001e+00,-2.232426994740514647e+00
-1.616001027793602995e+00,3.082476658662034463e+00,-2.545827589292676052e+00
-1.336867017302294292e+00,2.455620270027292662e+00,-1.895008516990818848e+00
-1.928470580125516420e+00,2.468624118747272944e-01,-8.170235041421174405e-01
6.116847056517537018e-01,-2.761940802996571076e+00,1.900499423227285822e+00
-2.400956095529950485e+00,4.317522260049888594e+00,-3.576639664295210519e+00
9.365770749365294190e-01,-2.016745601120897735e+00,1.713463348189784741e+00
-1.779713096175678189e+00,2.488751378506797174e+00,-2.061122543438764776e+00
1.797229856560631722e+00,-2.764340989248504243e+00,2.349951519883697770e+00
8.946879416507080851e-01,-2.052958943679799475e+00,1.641643622748315989e+00
-7.184244120344924767e-01,-1.038892657084178502e-02,-1.915024091155006769e-01
7.926895857322855399e-01,-2.076047179204293158e+00,1.330443224256475876e+00
2.387287921475032271e-01,-1.493317365936258634e+00,8.659819050481709635e-01
1.870860652106185906e+00,-2.965332769109849220e+00,2.445884709765276277e+00
-2.781817516855998207e+00,4.990638754735215343e+00,-4.148692064755562292e+00
-3.278350646881016850e+00,4.661387262389686370e+00,-4.040113348393158610e+00
-6.223601608369667693e-01,1.007955634369769538e+00,-8.511123391498350843e-01
-1.960315632564711086e+00,2.815069592252936292e+00,-2.448371737992223629e+00
1.551260067373452234e+00,-4.192831980448525897e+00,3.142822549629118001e+00
-1.382171120936046105e+00,3.536507364055699654e+00,-2.795102735910697245e+00
-5.538733958118930989e-01,7.505919751710453669e-01,-6.154948557363661976e-01
-1.121045156681159005e+00,3.348076069152467582e+00,-2.675720647433377675e+00
-2.120999655904341807e+00,1.863660843038725590e+00,-1.590039943312200110e+00
9.086118325232352966e-01,-1.019703211601627579e+00,7.703407473054068033e-01
1.367490528958006379e+00,-3.846200784288918317e+00,2.613488321388416580e+00
-2.784410568098666383e-01,4.651339212924203159e-01,-2.009859749989733879e-01
7.738277002391978909e-01,-4.073073771897922080e-01,6.079450921104405658e-01
-2.488656743669747373e-01,1.230226509982706107e+00,-8.605866653315312753e-01
-2.248480214652937015e+00,2.530683686595656567e+00,-2.349183691392264794e+00
-2.420123506885181186e+00,4.158505760079640012e+00,-3.471504328202470901e+00
6.556222799604256579e-01,-1.005748391923532825e+00,8.411223969760498465e-01
2.594692972006459541e+00,-3.803836808086454191e+00,3.086175884519405610e+00
2.729341566961919874e+00,-5.346767331672776180e+00,4.345212002329328804e+00
3.965248695746622420e+00,-7.407807143439802289e+00,5.963926764824758919e+00
-6.979965038477151662e-01,1.894458928808123999e-01,-5.385792411638719024e-01
2.013507122579666131e+00,-2.997119280169814104e+00,2.522792941790136467e+00
-3.783264920267997433e-01,7.951959374641882627e-01,-4.343011774288040305e-01
-9.006554604063052860e-01,-6.886969013502532988e-01,4.883237711752196064e-02
-2.619744556226650811e+00,3.329869117450685589e+00,-2.870861149768963561e+00
-5.115307038891117042e-01,2.818021943868493917e-01,-3.876235302091010637e-01
-2.372662785451553902e-01,1.315377277683978496e+00,-9.191663005982044776e-01
-4.971457447179140621e-01,7.847041180199739729e-01,-6.605835380710978200e-01
4.005702012013931390e-01,5.033390093411710398e-02,8.074318864762576597e-02
-8.371109212698650826e-01,1.316630063183763744e+00,-1.050130259770058805e+00
-3.820786599385918025e-01,-4.711720870453046661e-01,-5.746013328531678066e-02
-1.805976593689931242e+00,2.145461911402777311e+00,-2.139141576301991421e+00
-1.761870506511641121e+00,3.856784626461856380e+00,-3.102712865682317300e+00
1.559095013845142264e+00,-2.664596251953891048e+00,2.231514137953954258e+00
-1.076655562995493254e+00,2.507531955518448985e+00,-1.824856348737325051e+00
1.816479070793335371e+00,-2.982296690698230446e+00,2.411051047788190349e+00
2.037231756940392824e+00,-3.114212891565530050e+00,2.619187032180858132e+00
-9.043242161495275155e-01,-7.882892797049635414e-01,4.237559463303882668e-01
1.090482878401638489e+00,-2.082204321098508615e+00,1.645838680858938252e+00
-1.965318684763995849e-01,-1.479020887204647972e+00,8.080955273499673686e-01
-3.289077659346369975e-01,-1.361017586943467361e-01,-1.595199552721253966e-01
1.959935903539210988e+00,-2.478745143346205548e+00,2.094492977292788272e+00
-1.049484969712105142e+00,2.695677312467152920e+00,-2.066383145530133802e+00
-1.324013167127543689e+00,3.134606997978798049e+00,-2.549133663772218839e+00
9.713846361868546664e-01,-1.608625798255842065e+00,1.086834321075846876e+00
1.486889571532002075e+00,-2.494238187877253043e+00,2.219104005721716621e+00
-2.255111624188822717e+00,3.932079811385200241e+00,-3.060126382140137657e+00
1.184446663541570688e+00,-2.578170584272172938e+00,1.849741498356491931e+00
3.855843408862382193e-01,1.505980120560414637e+00,-9.006163233630389842e-01
1.726034047608165478e+00,-2.044664589113630360e+00,1.634055899274677204e+00
-2.571962821162705914e+00,2.798943000954609239e+00,-2.580319727391550799e+00
7.709516490522079213e-01,-4.971024754591173156e-02,2.787825850439328290e-01
-2.753299132376541003e+00,4.526536368657239962e+00,-3.780454480600559997e+00
3.867714951705198551e-02,3.215195948649913205e-01,-1.180774430746994036e-01
-2.623713853356041348e+00,4.076673815287606750e+00,-3.165095710905452719e+00
-4.790227559196359036e-02,1.371612277159553139e+00,-8.448840358945164386e-01
1.570761415308068454e+00,-5.602516509141913126e+00,4.022216757943709808e+00
-2.132681363006532216e+00,3.291607183987423468e+00,-2.665667575025143510e+00
2.652608837190504887e-01,3.269509639565717496e-01,-2.706745986492739911e-02
-2.410220834511370480e+00,4.567030419867755597e+00,-3.541271540005228147e+00
-1.304066792418919762e+00,2.235080564113170798e+00,-1.663142312391089561e+00
3.107466099640086021e+00,-6.585386719475765815e+00,5.119874971490982141e+00
9.125718167584716545e-01,-1.522810842188765834e+00,1.376419356920972170e+00
-2.927611314284513266e+00,5.000479667667376837e+00,-3.677649474205428426e+00
-8.637266375501966298e-01,2.069361259825565291e+00,-1.450985160608385893e+00
-2.790080818298024123e+00,4.362544705681699497e+00,-3.540690358078564248e+00
8.475377846503561186e-01,-2.087763155007697158e+00,1.472578497093683714e+00
-6.545273007156644507e-01,2.631836835514909545e+00,-1.928728382099729632e+00
4.629765292450298553e-01,-2.529220107672531803e-01,3.425060654592030351e-01
-1.322258607898510352e+00,2.757749593877745653e+00,-2.118772512712415956e+00
-7.268920137766256007e-01,1.470380560381241430e+00,-1.088532396830635296e+00
-1.176052692713252190e+00,2.610355206817389639e+00,-2.056292409141706745e+00
-1.186513536666043755e+00,1.449376106639875816e+00,-1.224078855141945699e+00
7.104804662326309472e-01,-2.130958312898822093e+00,1.593316639975600912e+00
-1.114320497689428757e+00,2.251687626867595160e+00,-1.967333480689683167e+00
3.102315284498379011e+00,-6.251562621330464253e+00,4.861888065320802532e+00
-4.111939102644233124e+00,8.501144070255357121e+00,-6.483900749557129473e+00
7.891476914086756889e-01,-9.073595261800935230e-01,8.341548617540321953e-01
1.036935607474771093e+00,-2.682719908899641403e+00,1.862371022834939271e+00
3.462914685222521216e-01,2.577564579374219678e-01,-1.596126636010558597e-02
-2.770627587730718044e+00,3.793851440305585410e+00,-3.258508065356555239e+00
2.397718879815932791e+00,-4.106374477943054657e+00,3.243963870717675668e+00
-9.499333008218023844e-01,6.117233190042820068e-01,-6.874044475547163024e-01
9.889298062038072157e-01,-1.531448943368043381e+00,1.282060444796131904e+00
5.918228099884822457e-01,-1.562503403254857481e+00,1.108733842925481827e+00
-1.383827265831091280e+00,1.632163749377028905e+00,-1.529642998508963903e+00
-1.873742432713666695e+00,4.583560220732661783e+00,-3.448835063704850601e+00
-2.165157699897732435e+00,6.075427273477223000e-01,-1.183864789841237330e+00
-3.177546056683594689e+00,5.938864029556905955e+00,-4.815972868675300056e+00
8.406115839501251408e-01,-1.609133715807376408e+00,1.340472149054120710e+00
-3.085368759408356754e-01,-2.033189701157969709e-02,8.094660351558272127e-02
3.017026983293261466e+00,-5.602566493215016763e+00,4.516594244320155660e+00
5.109927892690915296e-01,-1.097925685085944902e+00,7.008734929519895296e-01
-1.390998862569104988e+00,3.729785601402693551e+00,-2.600409196092571928e+00
2.057616085442471654e+00,-1.912864902529537670e+00,2.130735807441918261e+00
-3.331197428003966898e+00,3.581126334624805896e+00,-3.047494575950995266e+00
-5.697562032031944224e-01,9.175279510391585180e-01,-6.706829856034640658e-01
-1.068699808843510901e+00,2.854856715432499303e+00,-2.020121073795580813e+00
-2.646054180694531244e+00,2.971499510308389436e+00,-2.808806673101094553e+00
-9.322988733700616759e-01,-1.168239355062024254e+00,5.353988536355845929e-01
-1.333603780568100583e-01,-3.102914368027863690e-01,2.931122022123154314e-01
-4.207253088015277420e+00,7.064480615665885033e+00,-5.836413224910096176e+00
7.309081043610358153e-01,-9.085287223470196460e-01,6.767688043464988867e-01
2.747382391674817875e-02,-3.761377977258890115e-01,3.558792312233683558e-02
2.401445043162361959e+00,-4.595079465567174282e+00,3.409484663651596303e+00
-1.464339977117275149e+00,2.877346126045993824e+00,-2.007238929407191286e+00
-1.073644645202046277e+00,1.740478481128992394e+00,-1.406495362242550673e+00
4.597779718053657261e-01,-2.426253707709947527e+00,1.580489628734763619e+00
-9.443697750563432303e-01,3.412334802759932284e+00,-2.431980014947404456e+00
-1.901131085593990022e+00,2.897986399272045599e+00,-2.506410344781895727e+00
-2.939295828118065890e-02,5.400899095505731218e-01,-2.402650691123548732e-01
-5.628426326821391878e-01,1.154118327529783938e+00,-7.338534139546744051e-01
1.441139428258112476e+00,-1.113200955738660181e+00,1.237109796597245071e+00
8.580881303780414360e-01,-7.378421844483227243e-01,9.005214818264130061e-01
-3.233696550191651059e-02,1.851846784783199307e-01,-1.769047953562216113e-01
-5.087997188548876171e-01,-2.860848187316104574e-01,2.812207622715717434e-02
-7.959190550005936782e-01,2.113363191539146424e+00,-1.704145590740720362e+00
-1.101223167514466805e+00,2.236469003687915347e+00,-1.546726460767206213e+00
2.744324125249756885e-01,1.855906298648218655e+00,-1.089151106545568570e+00
-1.708819871283690839e+00,2.711731808043476910e+00,-2.334447314043756716e+00
2.540300455763703003e+00,-2.923011333183781701e+00,2.404788247392422029e+00
-3.606404985052245937e+00,6.267430220457384848e+00,-5.088241984759688918e+00
-5.422951474158014262e-01,1.603630592837325342e+00,-1.071740666409192411e+00
-1.270761953812317602e+00,2.777931832975339521e+00,-2.214167341941102762e+00
9.606769865873843184e-01,-1.898683370924312053e+00,1.439087683088809078e+00
3.088300423116829396e+00,-7.755472458185327156e+00,5.632373776487837880e+00
1.991664384049650627e+00,-4.651375335615241191e+00,3.473116272932097459e+00
-3.243832050724608229e-01,-1.379200967504991791e-02,-5.840436341277209509e-02
7.403972684056957521e-01,-2.241544043113090190e+00,1.771551999411072442e+00
-3.595414132689317199e+00,5.478506790963614925e+00,-4.536554682121361814e+00
-2.349131235425630793e-01,1.245377097192825466e-01,2.444362839875874674e-02
-8.381020255942812636e-01,2.068062880828224870e+00,-1.435569981657461636e+00
1.020821563008273980e+00,-7.139410029870428831e-01,9.718225254046066741e-01
4.460604428849516689e-01,-8.957647301345392776e-01,6.583109359434086150e-01
1.064886289451082657e+00,5.891371786756577356e-01,6.920177539101869668e-02
4.838230005636643960e-01,-3.011804394206049063e-01,4.907967603918559352e-01
1.041655214551681752e+00,-6.662219328912436511e-01,7.517624669412292793e-01
-1.491668515306975973e+00,6.742950958053010035e-01,-8.588663735634418650e-01
1.597387838670936588e+00,-2.668006719322524312e+00,2.123621409789733239e+00
-5.492060293644066560e-01,7.607459451747571322e-01,-6.559471610080896964e-01
-2.616411068174287369e+00,4.509381502249511620e+00,-3.713394535879542602e+00
-1.166371212219876607e+00,9.007606060226379663e-01,-8.734112291381447291e-01
-6.309545995881873370e-01,6.612154430376233627e-01,-5.750923723333835058e-01
-2.667521679851895033e+00,4.362580988190365439e+00,-3.312411422497876679e+00
1.232047239467287669e+00,-2.238204123433502613e+00,1.873932362621122172e+00
-3.632874553365902370e-01,2.341346299493638483e+00,-1.367671941839230021e+00
8.627893633718842770e-01,-1.225540683899882355e+00,1.137152357854442686e+00
-1.469247480405811324e+00,2.408041453592753900e+00,-2.050330575050990145e+00
-1.824520567838901153e+00,3.811344611014122918e+00,-2.933470267296644618e+00
-2.990437113842042915e+00,5.419023321100175927e+00,-4.158857822979139307e+00
9.948122842697293411e-01,-1.041632923693235124e+00,9.777838552928476146e-01
-1.972717973577674755e+00,3.576140329340735224e+00,-2.790232522464314524e+00
8.988319402556491644e-01,-1.113038500166862788e+00,8.472756287036643519e-01
3.419625328931639174e-01,-1.454114052875566054e+00,1.131205558803681122e+00
2.168740318181707760e-01,-3.534005057109384507e-01,2.786091307417963847e-01
2.952818899845737644e+00,-4.274714347025700967e+00,3.755498695739560411e+00
6.051137491314212413e-01,-3.997772512617840390e-01,5.538966677083102530e-01
5.007386368332618076e-01,5.992058756402806052e-01,2.586439456510982934e-02
3.994881214577110207e+00,-7.349235653591238204e+00,5.673055831047715714e+00
-1.803267976414342000e+00,2.466256511412171726e+00,-2.128085628829075482e+00
-7.136803026718125942e-01,1.170209582132651693e+00,-8.701475709463366570e-01
-2.616602956817242198e+00,4.450562613118981936e+00,-3.677205890996189108e+00
1.950707196420153444e+00,-3.296378793825143649e+00,2.564519035753830778e+00
-1.795699133682078896e+00,2.671182956173514089e+00,-2.228750049504911068e+00
-1.712457618446890040e+00,1.829731750587923367e+00,-1.601445678596403743e+00
1.878149003669406847e+00,-3.218031721469778450e+00,2.683509312074055853e+00
-1.063323211735546892e+00,-4.953214137300426811e-01,-1.807575222063562970e-01
8.345488295502777598e-01,-4.664479452614602173e-01,6.814317149135041829e-01
7.810376164846434266e-01,-1.829352957776487987e+00,1.316829492955109204e+00
-2.294873136553359672e+00,9.222308475908572722e-01,-1.364932381808768413e+00
-1.758073741044435145e+00,3.815237603329603377e+00,-2.880785126260774209e+00
3.179504067418065461e+00,-5.713212920453588417e+00,4.602115566320565065e+00
-1.470274418354925672e+00,4.152934739703760592e+00,-3.036553792978567312e+00
5.961240915559462561e-01,-2.107906081983092594e+00,1.496777780029888705e+00
5.330122079373335042e-01,1.641765570838524591e+00,-8.615555510789714155e-01
7.758534398929161080e-01,-1.428869421903893322e+00,1.295313096211265114e+00
-7.966857592816996014e-01,1.302332512056884717e+00,-8.857708509484366610e-01
1.491317510254545509e+00,-2.742103979296687033e+00,2.225012072332419155e+00
-2.787865684214585915e+00,3.346897000050826687e+00,-3.150189157051894284e+00
-9.704413823193771549e-01,1.151244325314173755e+00,-1.072247150587690934e+00
5.842811624274709681e-01,-1.015045502897997887e+00,6.929160349387495366e-01
9.526639643021428405e-02,-9.261724361300101294e-02,3.242655104551064177e-02
2.210781013862053612e+00,-5.704035052734553801e+00,4.025806394720541803e+00
-1.225691921301729659e+00,1.731322903385265066e+00,-1.515707473180479603e+00
2.538956485377236838e+00,-4.660123771227504541e+00,3.694338398465628170e+00
-1.370969228228214598e-01,-6.326310720043328839e-01,2.415408341405625159e-01
3.435151283331525640e+00,-5.409225921131800341e+00,4.504265818187753290e+00
-7.734105798056352121e-01,1.391975314242535733e+00,-1.319516453847478177e+00
-1.057824341293518877e+00,1.528975230528058393e+00,-1.090403381483383116e+00
2.898484985958875160e-01,-6.658478455182259559e-01,5.682807227087617319e-01
-1.265730727687737645e+00,2.843529219644399308e+00,-2.069851062732853020e+00
2.575357006564905626e-01,-1.205983911051628388e+00,8.961613561819388174e-01
8.664109690276319276e-01,-1.738487084008264238e+00,1.403257799394831418e+00
1.923384878290342215e+00,-2.762388490582465828e+00,2.479166282634773566e+00
-9.132311978550525788e-01,-7.226006919049948740e-02,-3.347547542560495581e-01
-2.754416461920528469e+00,4.318343245916683060e+00,-3.487181440579364633e+00
-4.725631417382327726e-01,-2.680445711190672653e-01,-1.063796940051369155e-01
4.534835711345960307e-01,-4.738219678732314422e-01,3.103558892275727898e-01
6.277077437258533898e-03,-6.179923812438801178e-01,2.632995595934572997e-01
-3.418512875582285115e+00,5.414272115739182212e+00,-4.332424022285125353e+00
3.518131943825123731e+00,-6.384763142730819574e+00,5.181374794118124960e+00
2.060413156561885784e-01,5.979446239626998727e-01,-4.472962298054115049e-01
9.833556833314013312e-01,-1.800295286590843258e+00,1.473804379764992678e+00
2.358385368446061392e+00,-4.177809911123880227e+00,3.441590085609381511e+00
5.257897858619250409e-01,-1.374791317540308588e+00,1.049913773376463633e+00
8.728898387828527561e-01,-3.496149182881830852e-01,5.391385369028125485e-01
4.796927264806123692e-02,-6.082250908998023536e-02,-2.823007763988983482e-02
-2.543720102730453458e+00,3.899557019209566100e+00,-3.217092546729598990e+00
6.237281124239097974e-01,-2.409501212916749679e+00,1.674059110548457019e+00
-1.739779478765256793e-01,1.000744830395457807e+00,-6.979647020177361938e-01
5.826142143965478137e-01,5.216567482528025046e-01,-3.638687975430857091e-01
3.074775932656365285e+00,-5.840777067804795664e+00,4.857839213455820371e+00
2.608604923857495428e-01,4.138302217344679290e-01,-1.246310737183714545e-01
6.867949467186309498e-01,-2.988901997471362204e+00,2.006217255804752408e+00
-1.560053999325653695e+00,2.678702806673004755e+00,-2.177231182765360540e+00
3.097670649750268623e+00,-3.657077708688708295e+00,3.191748807373395280e+00
2.330295461791614287e+00,-4.165702328309301983e+00,3.383027415495898360e+00
-1.236981519595112378e+00,1.069683075937758909e+00,-1.125165930229971245e+00
-6.244636936478616951e-01,1.431166524743131108e+00,-1.189213352833249804e+00
-3.317758584687528600e+00,5.355946015234497537e+00,-4.255458596737066834e+00
-9.030742481390918730e-01,3.144423000856500505e-01,-3.605362946045516659e-01
-3.010912699856659547e+00,5.180968165397835001e+00,-4.076404351050621599e+00
-6.985045956484319252e-01,7.849397657656077554e-01,-7.027804235502521646e-01
-1.736873431863481088e+00,-7.405241440693446919e-02,-4.261931359939674091e-01
1.144509193893707755e+00,-3.597293705222099458e+00,2.417854556857384818e+00
8.829822387275622075e-01,-1.667583409640490677e+00,1.390544819469962334e+00
1.258009590884847206e+00,-2.850053192028307869e-01,7.272900670010665758e-01
8.330332640535866862e-01,9.045729125086079958e-02,1.725834648779088210e-01
-1.486431191739533864e+00,2.244638227005690378e+00,-1.964719819883169460e+00
5.754448360719720545e-01,-4.682443983587814551e-01,5.486779936981415196e-01
9.124130941006568518e-01,-1.635580537243295662e+00,1.275742708942028569e+00
-2.939108696163115209e-01,8.129338497727881530e-01,-5.207247472022348278e-01
-3.471045331626414487e-01,-4.114861598526593500e-01,8.206075429954641509e-03
-8.445076565208072816e-01,2.992922035982934936e+00,-2.201611322521580760e+00
7.110283657681119029e-01,-1.284574705828029684e+00,9.222486802583530485e-01
1.108319928782866448e+00,-1.440452114316755905e+00,1.093643406560997011e+00
6.002798935953452819e-01,-9.289137950870024474e-01,9.492784716837554537e-01
-2.077123239647129971e+00,1.447379846474744713e+00,-1.727097249000550061e+00
8.103697114717134387e-01,-8.495723638926860888e-01,9.296793151049871362e-01
1.681786557097727730e+00,-1.781826713935656281e+00,1.560952866311660747e+00
2.274587056109265426e-01,-1.611912590463864703e+00,9.661492413048542449e-01
-2.113920253464869781e+00,4.629517280989168704e+00,-3.450864760429005695e+00
3.138742566314715710e+00,-5.973054881666533866e+00,4.783089000047762163e+00
6.450064122552064960e-01,-1.361689317523468556e+00,1.003742228959781269e+00
1.837792752684876740e+00,-2.202064729572620561e+00,1.985897532717800784e+00
8.906584897920327704e-01,-1.547791224441619207e+00,1.116564045366492897e+00
1.726779771449735046e+00,-3.775893524457806905e+00,3.056731895377252872e+00
-2.608920825079922956e+00,5.364755393676581718e+00,-4.383929451762671903e+00
-1.723700513394254841e-01,4.714120815421359856e-01,-2.788033710291804579e-01
-3.779280407580169476e-01,-9.032427478229938522e-01,5.220757963560355153e-01
8.069833972829018043e-01,-1.225834618501784545e+00,1.158314562261440583e+00
8.309664691877759468e-01,-2.927176703660390622e+00,2.162154305142104604e+00
-7.468869089833680974e-02,1.572588182082762076e+00,-1.039968373226205500e+00
-2.313517980410280561e+00,3.774240808689151461e+00,-3.122078466738515967e+00
1.117151573698645928e+00,-2.426895735162742707e+00,1.887585510259248034e+00
-2.646591142386696682e-01,1.018531187176856118e-01,-4.508657244293367422e-02
-1.460317350979090656e-01,-8.691839575298293541e-02,-1.028955307364709665e-01
5.234840436343413117e-01,-1.747667233059559122e-01,2.557947265866097331e-01
-1.367279773752084537e+00,1.409791186291301512e+00,-1.545055885955082475e+00
2.062322401362111979e+00,-4.263805694309340311e+00,3.364768459466402906e+00
3.898450111968585624e-02,9.014516923209983656e-02,4.456032656795880231e-02
-5.341791675128640948e-01,1.287742156279571670e+00,-8.666206024207525616e-01
-4.304475717119870537e-01,-3.617818472429228938e-01,8.943339609275134661e-02
-4.041855221663271380e-01,1.687006352737318471e+00,-1.060526753207650330e+00
1.839332994753227535e+00,-3.912394937658281613e+00,2.873687230630147305e+00
-2.253513017574586108e+00,4.489441968664268146e+00,-3.522625288806689792e+00
7.929085889369767992e-01,-7.801622239955264826e-01,8.255579033277973267e-01
8.044456030969968641e-01,-2.066222558754650329e+00,1.548404145191187853e+00
7.217901834216663426e-01,1.337826953017647313e-01,2.567264549100344850e-01
1.511741726763790705e+00,-3.012973742309959402e+00,2.265283074587615797e+00
-1.335788104136747423e+00,3.145878599764030170e+00,-2.546078017492718892e+00
6.693077139960899868e-02,1.116238160544287483e+00,-4.428528855340509440e-01
1.815629164374878313e+00,-1.585633626313723177e+00,1.760536267309970926e+00
-7.453172862204499038e-01,1.182560452367136472e+00,-1.024059704162017859e+00
2.927211406485561926e-02,-1.020191193120527084e-01,1.548854498880230524e-01
1.032657342265652423e+00,-2.180076787584373843e+00,1.701498211724862708e+00
-3.201409721306128775e-01,1.117069211011928465e-01,-1.480103101723387049e-01
-6.060116387944093352e-01,-1.738602758380989322e-01,-2.190139802899577770e-01
-1.559914471572924732e+00,2.579555300013617547e+00,-2.096742732317157465e+00
-3.149043004816577174e+00,4.501015979815599088e+00,-3.474932551390069513e+00
-2.616481994428601521e+00,6.182851040426126765e+00,-4.629067176348250712e+00
1.259024569663117044e+00,-2.095691036839591348e+00,1.985977349542841663e+00
-2.149189281911847438e+00,3.394556015507616653e+00,-2.705440961139690348e+00
3.345629772910004629e+00,-4.702754191768084624e+00,3.964178476532800310e+00
6.982773071230184703e-02,-2.862543745853695157e-02,-6.652588107175545426e-03
1.824934764953954014e+00,-4.347255143945691458e+00,3.118321550854464608e+00
9.617683607576705818e-01,-1.696178907958636017e+00,1.315648925883120324e+00
2.300153043650749574e+00,-5.098278822736846294e+00,3.851727647808099508e+00
-1.569768764705457009e+00,2.231252154928764941e+00,-1.849499067074589442e+00
-2.887194825649197938e+00,5.576558692760456459e+00,-4.421869447598524516e+00
-3.335395865119245240e+00,4.135141570563012792e+00,-3.520880031008287503e+00
-2.593272341474826912e-03,4.694541171152049053e-01,-3.506139242447862125e-01
-8.443821374309191663e-01,1.108154574672936959e-01,-2.732762343932355620e-01
1.980716398396448419e+00,-1.602880590801876393e+00,1.731609676399095799e+00
-3.630594193339398146e-01,-9.576672824060357136e-01,5.818956779828345915e-01
1.789007016409013939e+00,-1.864897019215294049e+00,1.621758575812754843e+00
-1.677963794153628285e+00,1.425927211914304049e+00,-1.519945722632575880e+00
-4.171687683256363854e+00,6.545439749089776882e+00,-5.157886762558955951e+00
3.593923783617767875e-01,3.535864809141818776e-01,-2.315091688560740324e-01
-1.407240693226764039e+00,1.605124926945952435e+00,-1.518138153666447998e+00
-1.936386021826339010e-01,4.696232111727910441e-01,-2.354781609507284323e-01
-2.296483534831716522e+00,2.897343327609661845e+00,-2.558594573972379216e+00
1.891891706621941838e+00,-3.354083311749257224e+00,2.774013602397621181e+00
6.465089533514870590e-01,-1.176312313553063760e+00,8.530286966852481667e-01
-4.127861382569182891e-01,1.580575092886605526e-01,-2.181081528873029529e-01
-2.795871164733032099e+00,5.212663364734334337e+00,-4.104515882459375931e+00
-5.278169338619138895e-02,-8.200802295845776024e-01,4.738367616142673544e-01
2.236552821798829527e-01,9.324546285747716823e-01,-4.962395731782998642e-01
2.794181755558489133e-01,7.229153982442020343e-01,-3.253680952914296820e-01
1.548913109791906217e+00,-2.320341644809674087e+00,2.035738911466211665e+00
-1.064003932514091533e+00,2.764867236473678602e+00,-1.916105065606289459e+00
1.194579669461266480e+00,-1.836795341028614192e+00,1.474439954276576259e+00
-2.904918499361532014e+00,4.540389551032824933e+00,-3.744739398129906860e+00
-6.251677094534298096e-01,3.761550193271007841e-02,-3.885248221688631931e-01
1.763625582480897958e+00,-5.227267758783138873e+00,3.722301489524056262e+00
1.836402300581027935e+00,-2.894550814309597708e+00,2.207555070328328650e+00
6.782831732403027392e-01,-1.648780086194300942e+00,1.274734423802446726e+00
1.412989761705643277e+00,-1.675640756131459241e+00,1.475231628231204795e+00
-1.516694671620054224e+00,3.151948970952059170e+00,-2.553586236678835775e+00
-5.353161186222882284e-01,8.827704015063064791e-01,-6.504989334016548774e-01
-6.744378141295511719e-01,1.634754583903291092e+00,-1.250804558741222872e+00
-5.183677313831629441e-01,2.398924294815540481e+00,-1.711382012268739983e+00
1.030945840375671274e+00,-1.652018971149742832e+00,1.141260067242372722e+00
1.338474248105869346e+00,-9.434111694325491015e-01,1.154048110501396218e+00
-1.090585372158276556e+00,1.164767174395454630e+00,-1.071133123420182409e+00
7.055162031968712499e-01,-4.167592162401628220e-01,4.213231456627763438e-01
-5.419866935251872742e-02,-1.378676852176092815e-01,-3.847764836419677315e-02
1.838443852483434116e+00,-2.563976589729305200e+00,2.147241795064330994e+00
-7.210051006984344868e-01,1.836749927355360690e+00,-1.490299000041801269e+00
2.046510924542670029e+00,-4.364461307131697332e+00,3.520477853029628346e+00
1.497937017144375105e+00,-1.773830590846299904e+00,1.553784306020241646e+00
2.697818165776447730e-01,-5.081479668620180606e-02,7.563589328712166937e-02
1.412384964026657475e+00,-2.429427847304639898e-01,3.865468657403017816e-01
-2.458174938649430041e-01,1.263092695163559931e+00,-1.005332455276095383e+00
1.162389341687195987e+00,-8.573822251327347654e-01,9.366269912764312311e-01
-8.193227882773166382e-01,1.435409938868320801e+00,-1.160530778527357088e+00
2.794713371446534200e+00,-3.875460018123404016e+00,3.291805584876146717e+00
-1.027275776151722556e-03,-8.386785006926936736e-01,4.015962408260775884e-01
1.169084716218433018e+00,-4.093335699654494064e+00,2.915346390256011055e+00
8.462635396078004302e-01,-5.762854207454627398e-01,6.898043108014824121e-01
-9.556983547247248634e-01,4.237293867457037067e-01,-6.872509832551958464e-01
-2.843568963465700414e-02,1.920166024042285480e-01,9.761844863562751939e-02
1.557780899134719954e+00,-2.251248901578912776e+00,1.780779611399733398e+00
2.214898130206021942e-01,-6.520883654212054903e-02,2.038475719608008607e-01
4.530095542661822350e+00,-7.105315348376239015e+00,6.013152210614343574e+00
-2.039317777397758213e+00,3.872680931657989767e+00,-2.988865208997205425e+00
5.007820719074042026e-01,-6.162553255111806738e-01,6.570161248195267589e-01
-8.595432236922766478e-01,1.628606643664143538e+00,-1.357661442538138585e+00
-1.155062592775373043e+00,1.959485708309947283e+00,-1.789214668785687579e+00
-5.989426661319264822e-01,-3.654305689274228719e-01,1.288173228781851198e-02
3.389410344018523702e+00,-6.257720713767099596e+00,5.150891398750709449e+00
1.710079064631546131e-01,-8.678108127005167427e-01,6.271108314889811686e-01
-2.087753054602667468e+00,1.644092766738595168e+00,-1.610107616532781005e+00
-2.655975429113608399e+00,3.354484638357546622e+00,-2.862828968525453543e+00
1.109751807313682725e+00,-1.602500160608506530e+00,1.457556981118106609e+00
-2.835716788445567627e+00,5.304213052436447029e+00,-4.427793529607779277e+00
2.743595995242922303e+00,-4.749702438198631249e+00,3.821522831685701060e+00
-2.511166184321839356e+00,4.875375084046623009e+00,-3.845998667855854869e+00
7.224243180328077107e-01,-1.613283890764704465e+00,1.528168302799973288e+00
5.742962135335775153e-01,-1.425772907405227219e+00,9.773037144401409693e-01
3.591259910198338900e+00,-5.734752066328099751e+00,4.772414016160531069e+00
-2.023703879191813826e+00,2.026183198628834337e+00,-1.935341300357030558e+00
-1.878349926880788612e+00,1.891753847512371189e+00,-1.794734037570904661e+00
4.349786266013157959e-02,-2.109703602451240279e-01,1.428888728048287662e-02
-3.648740707314781506e-01,1.237444837953718180e+00,-1.264900980978223011e+00
-1.884588183809629225e+00,2.421855518893707426e+00,-1.996999694757452648e+00
-9.780929166472298597e-01,2.320498026768619049e+00,-1.598953092421935063e+00
-2.412274152195399868e+00,5.511740088656289061e+00,-4.163715989239617166e+00
8.899440696461657918e-01,-1.160145635852466883e+00,8.803856580903763884e-01
2.050135298965212183e+00,-3.044025031957241278e+00,2.645969435480808318e+00
8.320712736131256060e-01,-1.981049520242725182e+00,1.595076095505657099e+00
-2.800287792209705806e-01,1.081200856848380409e+00,-6.432387033718233171e-01
1.084115531195614768e+00,-1.458957160619193338e+00,1.222947737727218431e+00
2.388782178090525399e+00,-4.436205488371009587e+00,3.768196370349975677e+00
1.117298946654990521e+00,-2.055648637559316594e+00,1.587901195311214542e+00
-3.303390974449836870e-01,2.012022806142923059e+00,-1.396419312553684122e+00
2.323307115457670324e+00,-4.298728069271291474e+00,3.343773325227791027e+00
-1.384242163914156665e+00,2.274587082566378093e+00,-1.947893559113830220e+00
1.151012898847651345e+00,-1.936112636958217559e+00,1.482315571050076164e+00
6.822893445052718997e-01,-8.965495467842532484e-01,7.849174504369149652e-01
-1.540033739136249746e+00,1.358870466724440895e+00,-1.400634298788683063e+00
1.365562607212110757e+00,-1.750732249705888366e+00,1.537804396289772502e+00
7.867418801552044094e-01,-6.041222380252054408e-02,8.731633620957113262e-02
-8.458106942225032121e-01,2.522041386659467754e+00,-1.864799596430091855e+00
1.855865658396368412e+00,-2.593379292861470287e+00,2.102872601649977025e+00
-2.286476341608965623e-01,8.944749306771716535e-01,-5.266220433731828576e-01
2.543886148119648638e+00,-4.543996234301509674e+00,3.827501844528558905e+00
1.298925652196702529e+00,-1.499648352024763209e+00,1.433365744594470748e+00
-1.248307508348756256e+00,2.768924452853109841e+00,-2.255546070551419646e+00
-2.420454983770671920e+00,3.926520478521324797e+00,-3.140089668971648429e+00
1.486521099285536440e+00,-2.406742486066375974e+00,1.903560447272903744e+00
-6.749773575985378304e-01,1.735144320588229983e-01,-2.384198461532495428e-01
7.570644095206553459e-01,-2.587922722852924462e+00,2.101023651344347432e+00
1.449699141049574758e+00,-2.260046809069519380e+00,1.914308122462281991e+00
4.321669530309617535e-01,-8.573494948245928837e-01,1.000362293605712605e+00
2.574630863465301012e+00,-3.375148284282964539e+00,2.934757457124583802e+00
-1.720665278764297534e+00,2.323381681734320470e+00,-2.027214186090689818e+00
1.793976834130942777e+00,-2.711580466613896956e+00,2.414616570605665480e+00
3.246731190999029071e+00,-2.830785106890636449e+00,2.686803730775613186e+00
-1.330243978323227827e+00,1.746706780739234910e+00,-1.547609659459509901e+00
1.889627318421831237e-01,-1.168522888638744206e+00,5.962820739918763824e-01
-1.256687550055426983e-01,-1.436894509197168324e+00,4.571229267670398611e-01
7.414392886108294167e-01,-2.455299506218353134e+00,1.732665015866728275e+00
8.994797728942158788e-01,-1.717617433080988798e+00,1.334568884019415203e+00
2.296231947649623323e-02,6.893270328366788435e-01,-4.649397321233357805e-01
2.396686926098137604e+00,-2.673422505059220633e+00,2.383264499258277436e+00
-4.770912882551855277e-02,4.602974983534473541e-01,-2.730888681086550140e-01
1.265117230945520976e+00,-1.438000521401883391e+00,1.214321523562693850e+00
-4.193055971348157995e-01,9.854475730142351342e-01,-7.250302773500383324e-01
7.678751034566496658e-01,-4.777215965452170643e-01,8.400686131213831453e-01
3.492920505690642941e+00,-5.870618629491150209e+00,4.679402473736105961e+00
2.525740896797886159e-01,1.097897477849221870e+00,-6.282151741856617511e-01
-5.281236135335910520e-01,4.803872950471472225e-01,-5.283242478620104876e-01
1.128708152842969659e+00,-1.648473950028455981e+00,1.276648424402724080e+00
2.700405710738266185e-01,-2.081349461555754843e+00,1.484048690992443076e+00
1.165749451348634613e+00,-2.575657439009855665e+00,1.899722318583821679e+00
-9.319536147305209628e-01,2.368628075578830039e+00,-1.719595052876047969e+00
-2.547182874248687057e+00,4.824319857553190261e+00,-3.771555615359766911e+00
1.207188323318812095e+00,-2.098212910314222412e+00,1.758021799812605757e+00
2.832732615164657464e+00,-6.000582222624504247e+00,4.599872629682510983e+00
-4.017523752228717160e-01,1.680753974374510351e+00,-1.144136793907297722e+00
-2.739897446970947503e-01,-4.168704288766382215e-01,1.968887061970174199e-02
-2.637483824003974853e+00,3.202170350636649232e+00,-2.868976264286548616e+00
-3.887426424040966721e-01,3.374389569975796421e-01,-3.696741867525191738e-01
-4.423391208395487939e-01,3.079873830459537443e-01,-2.195420360393899595e-01
-9.303241323341777669e-01,1.200944124213335185e+00,-1.049168338954326041e+00
1.497962333935833223e+00,-1.475586579432906165e+00,1.486937093525932729e+00
1.848013178913037624e+00,-3.169801952916107446e+00,2.582230688278322805e+00
-2.927283253044377975e+00,3.140450749781182882e+00,-2.841684096321499986e+00
-8.745043832167227471e-01,1.202180238206573604e+00,-8.267971168414562921e-01
-3.896372887186301259e-01,1.769481798606835632e+00,-1.377039477902185727e+00
3.020827128578319698e+00,-4.382618851313597297e+00,3.608448984539900817e+00
-1.656323268256730596e+00,4.272206819639437825e+00,-2.884019689878352555e+00
5.502168447307538290e-01,1.153449800456562285e-01,1.168767260932137564e-01
-2.148892122241075897e-01,-6.983807674694774148e-01,3.019425857171881278e-01
1.934986371525742488e+00,-3.044517431839111943e+00,2.407666182888697826e+00
-1.375520322142137264e+00,6.563124090687508794e-01,-8.407603142602582125e-01
-2.281471963085815347e+00,4.783911246653893556e+00,-3.925147067842535087e+00
1.550427477532433818e+00,-3.303277487422837222e+00,2.427845670462227989e+00
-1.629511929108291568e+00,6.933647027607700020e-01,-8.783593117819104013e-01
9.233209611814355844e-01,-1.240625454343223799e+00,1.146239203166326215e+00
1.049895732882952126e+00,-3.009720733883226806e+00,2.214356463506987893e+00
1.544118450109620122e+00,-1.832171344385558731e+00,1.587474449262735066e+00
-7.561144514843448627e-01,7.130805120732334190e-01,-7.798128797709228399e-01
-1.159470390222996361e+00,2.733979168269017990e+00,-2.120224558122430381e+00
-5.902721252376241790e-01,1.000267700561912498e+00,-8.713694909424262169e-01
-4.628706886406539107e-03,1.267725684274797704e+00,-8.109109179992204375e-01
2.694014761747594994e-02,-2.610031056047445119e+00,1.565245010810508708e+00
1.061558517453448092e+00,-7.929475589507816169e-01,7.616442755849939239e-01
-8.221227619617735849e-01,1.168903989442100055e+00,-1.029353177598426150e+00
-2.154880471449161838e+00,3.563504468130273217e+00,-2.972436362301456469e+00
-2.060557547831740610e+00,3.551637706426129526e+00,-2.888126868765741762e+00
1.574071919781802054e+00,-3.110421601732799690e+00,2.315163193550723530e+00
6.646799002024638137e-01,-1.482970340349370753e-01,4.137942528850532820e-01
2.783432916688567405e-01,-7.105701495802967393e-01,6.748520650200937609e-01
2.760451499025935895e+00,-4.724507505758396952e+00,3.868731644411236736e+00
2.844193897813247496e+00,-5.594265064996579717e+00,4.520534733930710480e+00
-6.972392501594343317e-01,1.778258382213223188e+00,-1.277140564331886052e+00
-3.176641919215100085e+00,5.849164759133323344e+00,-4.515028756616931815e+00
9.315502856795798703e-01,-1.484853794698689500e+00,1.307365291729192913e+00
-2.841102344978913674e+00,6.184018069714659838e+00,-4.691710166336986454e+00
-1.215607686375928864e+00,1.658419323292872782e+00,-1.276070038317967947e+00
-1.085723359272962263e+00,2.317297768838399996e+00,-2.058141437229318971e+00
-3.272782885135375741e-01,6.967164509854243404e-01,-2.186751547687383057e-01
-2.870407679874368290e-01,-4.979332298624929432e-01,1.333172516132642149e-01
-1.497271623654598205e+00,4.261631861329433946e+00,-3.039376645177708891e+00
1.981790278670266581e+00,-2.892136831204996206e+00,2.539911483922184576e+00
-1.661535453597279499e+00,3.883925345903016524e+00,-2.848455048867003736e+00
1.604276165067908266e-01,-6.810334056419418136e-01,3.772215456517318266e-01
-1.176023533411742150e+00,2.209874196141510705e+00,-1.853467197264801136e+00
-1.947795944097026277e+00,4.527036620674031120e+00,-3.432741415348305569e+00
3.460386619154796950e+00,-5.442622045905638473e+00,4.334827284008182069e+00
1.142816119055116264e+00,-2.776976770282357787e+00,1.977540944489504016e+00
-5.875755656226929746e-01,2.673154707555418952e+00,-1.878668356855706323e+00
5.623414137986381123e-01,8.192675499791158833e-01,-2.691046921651426005e-01
-2.814262725148135580e-01,8.370150819050086177e-01,-7.646775062159875125e-01
-8.829930374943407712e-01,1.335522736202580996e+00,-1.223236119173359171e+00
5.692086851116633373e-01,1.407677064430555847e+00,-5.424838538077655370e-01
5.720423106367364952e-01,-1.766239710511495531e+00,1.175392281541014494e+00
-2.995843746534470123e-02,-1.313512822095558308e+00,7.845689425966347885e-01
-1.083017502918449892e+00,1.559378209134585802e+00,-1.156548241351562201e+00
1.671569666766511197e+00,-4.229957934670695252e+00,3.064583433085703135e+00
-6.802281494681334806e-01,-2.326089319200386890e-02,-1.157655515796514600e-01
-2.209277412797190365e+00,2.148777484949067063e+00,-2.196601874136283605e+00
-1.029253755017520033e+00,1.750398783016767101e+00,-1.499685943151025436e+00
-2.859189885634259909e+00,4.029394389181515379e+00,-3.446010169546711577e+00
1.154046442786948456e-01,5.484724384234952038e-02,-6.721975936488520931e-02
4.715452392938405679e-01,-1.053655239292477397e+00,6.936896096808469192e-01
1.060692478744579725e+00,-2.193029982639401965e+00,1.473737180061708507e+00
-2.105080010110231825e+00,2.663964521522843132e+00,-2.023009915034596151e+00
-2.436200515906592479e-01,1.266688791155161864e+00,-1.039321932229790635e+00
-1.144011650168096361e+00,9.532823931169001064e-01,-9.913030174780385062e-01
3.746790899448057544e-01,5.686122116082192868e-01,-3.490835009298284830e-01
-3.471346446613800540e-01,4.039615307667410726e-01,-3.612921119106040635e-01
2.390187858771854579e+00,-3.514160696834345288e+00,2.987568313207058956e+00
1.736962568005206098e+00,-1.887235981810132746e+00,2.014821694256775153e+00
-9.103665582996327554e-01,1.091445886200838711e+00,-1.166818542643951906e+00
2.547887743676651606e+00,-4.106897633202362563e+00,3.335249680436366493e+00
-1.832184031435810434e+00,1.484649387419766375e+00,-1.493745226783979474e+00
-2.890699130758277224e+00,4.132951781289289528e+00,-3.569672878204637634e+00
-1.194099799586299193e+00,3.151237151881859599e+00,-2.366848671458669173e+00
7.711865350756371695e-01,-2.055465367713323221e+00,1.702807421864655391e+00
6.810187652794005286e-01,-2.141949147596068137e+00,1.438099083838796144e+00
-1.008188596670038795e+00,2.159142430758648423e+00,-1.555160967213396583e+00
1.667468826716474117e+00,-1.345998490591726826e+00,1.324281163400660821e+00
-3.523425992598201439e-01,-6.855281172296724401e-01,3.144416553743153431e-01
8.968188514407767764e-01,-2.248468979832302372e-01,5.960655726227215290e-01
-2.165075652502132519e-01,-6.539844232561203841e-01,3.143668166741496184e-01
8.583036935363151931e-01,-1.039324781473164760e+00,1.151610985920706653e+00
1.051714253240690677e+00,-2.204938286535927716e+00,1.792473615342008442e+00
-1.559115849927273256e+00,2.516806652510430897e+00,-2.049821957022095464e+00
-1.585902942805991200e-01,-1.322240139340464360e+00,8.253713137556015766e-01
5.735465408274498245e-01,-1.697485632383005871e+00,1.311346014615815569e+00
-2.562040878993796511e+00,5.721663443281287620e+00,-4.377282106021614716e+00
1.588613246730927075e+00,-1.861820097847398436e+00,1.559493235377064302e+00
4.444403439328470817e+00,-5.450976374225894538e+00,4.862863137501639343e+00
-2.148303322740836505e-02,2.343865267981310729e-01,-1.956770136541282068e-01
-3.742381296567607318e-01,6.304723332609888375e-01,-4.339584967284613182e-01
-1.782546212053788048e+00,2.959744481066967747e+00,-2.551159942326830521e+00
-2.469932094972923320e+00,3.270350064282836033e+00,-2.718278334490559001e+00
1.084079682684376822e+00,-2.094273169242438559e+00,1.717574734631240885e+00
1.850733368568931114e+00,-3.076961770971808896e+00,2.643579629020282873e+00
-2.006282539267774112e+00,4.318594206234438460e+00,-3.250486034670019730e+00
-4.238700583594039450e-01,1.653150756079295292e+00,-1.090015734394532920e+00
7.085259890254240744e-01,-1.048467626579611789e+00,8.672229860577445049e-01
2.818143838479592489e+00,-3.617364510197179861e+00,3.080069859222577033e+00
-6.316836129872693828e-01,1.793990113323282731e-01,-3.991815557374854273e-01
2.861431687828228210e+00,-4.626259355652940997e+00,3.539136472758957375e+00
-1.099857877338047851e+00,2.666864729026229286e-01,-5.083827509976817094e-01
3.672007843110358105e-01,-5.407338901518005114e-01,5.394499812277118167e-01
-3.156157687247817201e+00,6.004891936514452411e+00,-4.807371981948876716e+00
-3.410633824649077495e-01,1.694722232574420007e+00,-1.126747552527819440e+00
2.925866489411266258e-01,-1.539223484257476182e-01,3.597138396350299527e-01
-6.021952711432634331e-01,1.408583085895786846e+00,-1.052970534545326853e+00
-1.391554958364565220e+00,3.572563646486901945e+00,-2.654332261022342543e+00
-2.163486324400283323e-01,-3.227711215198563743e-01,1.771671029414614018e-01
1.741550646105266109e+00,-2.969860409832962844e+00,2.548402836841049179e+00
1.122848630581259943e+00,-2.045574636959898385e+00,1.674997029907071555e+00
-1.616151443925904374e+00,1.541580043824632540e+00,-1.336199450636333053e+00
3.476232517854908055e-01,1.057166251917477595e+00,-5.031867106470067075e-01
-2.149226782439991101e+00,2.460436337258451456e+00,-2.303164982821333417e+00
9.009056075095243088e-01,-3.551112981992677331e-01,5.870636655799439385e-01
-3.753843947497184974e+00,6.375849896380982429e+00,-5.376107510368927755e+00
7.600990601171441208e-01,2.095791341915456130e-01,3.333989816985939991e-01
1.232030305132499004e+00,-3.360386304535977864e+00,2.384077727438904226e+00
2.075287681606427626e+00,-2.350602695224605743e+00,2.148415164258905108e+00
-3.094817141955426454e+00,2.777685530163874539e+00,-2.753470186088748495e+00
2.776103219822076973e-01,-5.226766714433522809e-01,2.896801237058900802e-01
1.474257569223492270e+00,-1.506046366783264423e+00,1.305959443349647087e+00
2.507491827105684745e+00,-2.711288617633190512e+00,2.554713227097120232e+00
-1.116366757589916325e+00,1.081255320225945393e+00,-7.407553507555911798e-01
4.036196946047233558e-01,-7.919965314119546962e-01,4.545087999815892177e-01
-2.542522634029736217e+00,3.069697880575413595e+00,-2.580612156516856714e+00
-1.859165635458828181e+00,2.424432367510915842e+00,-2.088646690185003152e+00
-3.170741867550846749e+00,5.768805338020864149e+00,-4.471905364557896334e+00
9.661240664761003849e-01,-1.922625956295205718e+00,1.424485240792249918e+00
1.587854122212205843e-01,-4.074042183407467488e-01,2.095303018226718772e-01
2.584601875220238210e-01,-7.133960108807261280e-01,4.748316835001555880e-01
-1.753111307807240671e+00,3.949929867282377494e+00,-2.972770373925809118e+00
1.831102735804942316e+00,-4.536038078368808790e+00,3.243073581163632202e+00
6.509291950739752863e-01,-2.245887971824408247e+00,1.536889595324969271e+00
4.926772537957575526e-01,2.045579263424221472e-01,9.603052391825737943e-02
6.385536419495868365e+00,-9.603667247964741804e+00,8.075767691950973770e+00
-3.968793305090976276e+00,6.645929765782140564e+00,-5.337533073768081060e+00
-1.452946773855174234e+00,1.716447560767748071e+00,-1.612658567259597664e+00
-2.196838360323925432e+00,4.119755215678044813e+00,-3.073596209330685447e+00
-8.287242298601409374e-01,4.412411482793997530e-01,-4.206306824602191186e-01
8.991513378746810448e-01,-1.010592586635742363e+00,1.053128091848248848e+00
7.184753046174833235e-01,-9.399075531712018927e-01,8.549637080474985495e-01
1.907440524281750482e+00,-3.132775610005829048e+00,2.586029219617683506e+00
-1.883104275039533482e+00,4.346188718591071698e+00,-3.503977987273254158e+00
5.110797143469724135e-01,-2.392062562632601530e+00,1.526806671251092151e+00
-3.522366676148649844e+00,5.492540976094256955e+00,-4.556973576945566151e+00
3.827512503628173468e-02,-2.526596162690095126e-01,1.122284495662785320e-01
-2.888721966616289549e+00,3.801338007235586236e+00,-3.068529686925848932e+00
6.942012622351442230e-01,-1.233316972343851126e-01,2.721572447625102420e-01
2.458511259544047256e+00,-5.393610972684995453e+00,4.031264625731667550e+00
-4.054104375675046112e-01,1.247110086500905712e+00,-7.808706518124689522e-01
-1.249497038315677599e+00,1.868865671002907902e+00,-1.618713344840333468e+00
1.078913384544858634e+00,-2.138143743114073736e+00,1.630914847743527352e+00
2.201763454566604050e+00,-4.097022229932520965e+00,3.082827248520366936e+00
1.657712334291035206e-01,-3.631883757982786176e-01,3.970704391930942045e-01
-1.113012218579949364e+00,1.622986564876782278e+00,-1.248639203157721589e+00
2.641365728145145031e+00,-2.489680425529274821e+00,2.387457342678553474e+00
6.628769955979232353e-01,-6.434862862172184839e-01,6.659136900077069487e-01
-1.202450905995954056e+00,3.056371548871534838e+00,-2.448554356606647886e+00
7.824328576285609627e-01,-6.545422600132440039e-01,6.754471756938699167e-01
-1.367969362221900465e+00,3.397429795007025799e+00,-2.298697245996209837e+00
-2.198121289314962645e+00,3.387006719801505472e+00,-2.945185351020843889e+00
7.560078397336266187e-01,-5.451046213277125352e-01,4.095742463705089320e-01
1.933595573568442028e+00,-2.780198666880926872e+00,2.362605784180684232e+00
1.841477427960480417e+00,-3.238306198421542881e+00,2.537154148604863657e+00
1.613974871311456782e+00,-1.990811142621055518e+00,1.957514544428510028e+00
2.261953836675315022e-01,2.501913552547835984e+00,-1.297294842930410974e+00
-1.327364769659035382e+00,2.391543340981829857e+00,-2.114573964134041084e+00
9.370831338170527713e-01,-1.526967910905888681e-01,2.961919447716176990e-01
-2.490201277468735430e+00,4.621970614653760911e+00,-3.743204847153096981e+00
1.016870273164267036e-01,-1.450912456245006199e+00,7.763680934705018410e-01
3.425790359151001052e+00,-5.308414104412115364e+00,4.381415602911635787e+00
1.422117752465295704e+00,-7.136537867145696934e-01,1.000063042726547780e+00
-5.922944822055997705e-01,1.800481981531860953e-01,-2.472422484545750976e-01
-5.584869079393139923e-02,1.111721802882011056e+00,-7.872836543197200276e-01
-9.727010192979550496e-01,8.291322173521195049e-01,-6.917811266115097002e-01
1.271974184760170212e+00,-2.380121691155833386e+00,1.612893923180729105e+00
6.186531087917035432e-02,3.229605984624118187e-01,-2.477912776504315739e-01
-2.297281687015348961e+00,3.616124294817629981e+00,-3.050027303838447779e+00
1.702745932573069165e+00,-1.743854768711341041e+00,1.832471723537481223e+00
-1.828586421280630647e+00,2.969902460448789139e+00,-2.319877022607211181e+00
2.273935104747104141e+00,-2.146354851066614167e+00,1.869241640146456884e+00
-3.111495001368157487e-01,-1.388368003683395191e+00,9.301069066489157100e-01
-3.355234463561739044e+00,6.588021470120543732e+00,-5.314512257149713648e+00
1.259811969860027858e+00,-8.034960205073314876e-01,9.655604386109437609e-01
-2.559542265585042831e+00,5.781489826122813369e+00,-4.321928510474348784e+00
1.531741346434924544e+00,-2.318529291088014421e+00,1.978550858258163236e+00
-2.172211575230989400e+00,2.390673606668006101e+00,-2.152530996504350203e+00
-1.059369340462370301e+00,3.238612618154318445e-01,-6.969287498623882859e-01
2.190133857403390394e+00,-3.102561683388089797e+00,2.431818001183839062e+00
-6.814708032873486587e-01,4.387529175897895151e-01,-3.401622853373866828e-01
-1.604671410302978884e+00,3.128699008239880452e+00,-2.508268591658535662e+00
7.416051005941133312e-01,1.955999141406359609e-01,1.924054723340137482e-02
-6.897732890577286113e-01,6.324766250114242094e-01,-6.392315928029446148e-01
-6.417646150509476177e-01,9.058046177952140399e-01,-9.068030327334131169e-01
-2.520404380556541923e+00,2.981523755481779503e+00,-2.846033928483881148e+00
-5.573017715076452466e-02,-3.362938047616404469e-01,-2.379555567283897152e-02
2.784290289518227102e+00,-4.691289502469061290e+00,3.930028155108802324e+00
-1.706610288447743207e+00,3.548504576442499836e+00,-2.608364062688082630e+00
-1.913316198931528378e+00,2.578679899414581644e+00,-2.187350098972026480e+00
4.460314025348138145e+00,-6.302992353439443640e+00,5.278036668881874505e+00
3.075313706650846246e+00,-5.207358677002178915e+00,4.349395034168240137e+00
1.726680980995635828e+00,-3.145071695917402099e+00,2.509455151081407820e+00
-3.094105072285330271e-01,-3.737004908530021652e-01,1.416895998190091099e-01
2.476840592023150586e-02,9.504640759850668807e-01,-7.278034607528502953e-01
2.319392355815483420e+00,-3.933766119700135899e+00,3.185055741178185240e+00
5.141508699979278063e-01,-1.494714188643780250e+00,1.047221157382165257e+00
-2.435695832822537987e+00,4.004219134206777220e+00,-3.395977895574383343e+00
-6.868253356146656330e-01,2.189343799006537861e+00,-1.828151811594446619e+00
7.144769911274555518e-01,-1.856894162197039386e-02,1.326191776317162396e-01
9.775234135503095834e-01,-2.654451752296819844e+00,2.035948691470570004e+00
2.494962808518645492e+00,-5.097550270457662513e+00,4.063416803697404767e+00
-2.239560510369769386e-01,1.826877584966336010e-01,-2.693842312546604334e-01
-9.631791325147452953e-01,1.415890475001219340e+00,-1.010643683887447075e+00
-1.989523227470278544e+00,3.624358493646352652e+00,-2.707670217411655145e+00
8.162260964998064861e-01,-2.205556088704815121e+00,1.708281470440914385e+00
-7.990354952810004852e-01,1.790703157299155857e+00,-1.368845914059037217e+00
-8.480849442006787031e-01,2.048997186938744441e+00,-1.528419868992769048e+00
-4.708187297584196962e+00,6.953366587246637032e+00,-5.663443239073454372e+00
-1.004297287128266714e+00,1.517248135498712180e+00,-1.278708147731099531e+00
4.951147613941340730e-01,-1.082109169050746278e+00,1.051942279445450490e+00
1.377856569338425041e+00,-1.167077565728358968e+00,1.127992296522564386e+00
-2.086594699491926830e-02,5.671510419484940835e-01,-3.826071762481897398e-01
8.519562275625313097e-01,-8.641074423735946031e-01,7.956749285365050106e-01
2.289794983479781276e+00,-4.665606162150070624e+00,3.745654457049194530e+00
-2.135035992528365067e+00,5.279397813282609597e+00,-3.907172831048093986e+00
-2.483384136244572507e-02,-4.147478445714889439e-01,2.854050404313163147e-01
-1.356767091989534713e+00,2.467001292435806015e+00,-2.184122634506949545e+00
-1.634542949659118616e+00,2.882004978076032842e+00,-2.379940484633053188e+00
-1.878518700359638638e+00,1.140621145482946908e+00,-1.123025039991773832e+00
-3.106395293392135160e-01,1.008456519639105320e+00,-3.905294203033869427e-01
3.578315752844294373e-01,-1.627860903285373251e+00,1.064461255359111735e+00
-2.227231927342785411e+00,3.077698954295360334e+00,-2.626786094387532966e+00
2.074522069299564730e+00,-4.953276271519620799e+00,3.807389892712172319e+00
-2.170618655947606612e+00,4.136024271869497504e+00,-3.198181282380739177e+00
3.146824152428135513e+00,-4.238852063872591280e+00,3.590402006784527700e+00
1.300037245417329235e+00,-4.373228478744000114e-01,6.235949343456982374e-01
1.592754411847051133e+00,-1.273699204505144289e+00,1.325270396998821543e+00
-6.806373992117513427e-02,-4.579481793341674267e-01,1.716395733437434401e-01
1.101202312386800442e+00,-1.532732602495357144e+00,1.246589249179696823e+00
-2.932893314503950410e+00,6.658729190301833967e+00,-5.119539287024194252e+00
-1.675707793844211979e+00,3.935000508687507281e+00,-2.951097181096505651e+00
-6.218110433776252721e-01,1.300225796535343370e-01,-4.470968095519816665e-01
-3.753136862816082164e+00,7.212214008764144424e+00,-5.728970860200243820e+00
1.843488343402079455e+00,-5.196952355052813388e+00,4.044481057580635586e+00
-3.025271039073967327e-01,2.101953584468767011e-01,-2.674571493119320409e-01
1.783670988784489930e+00,-5.048667334368073689e+00,3.780096284927940697e+00
2.852900978721694125e-01,-2.072767412579334501e+00,1.373982274096609668e+00
1.406847122287560037e+00,-1.439258677862758962e+00,1.277948780569188925e+00
-6.605826696206750226e-01,2.677570323156328147e+00,-1.961522442313301973e+00
3.152777201399494661e-02,2.310724843674739071e-01,-1.421416111620514844e-01
1.256922723893046934e+00,-2.591084379247388991e+00,2.013930897141313903e+00
-1.894420888300291983e+00,1.716285994605962095e+00,-1.692252777795182350e+00
-1.627219702790600353e+00,2.799562776754197735e+00,-2.361520776635090968e+00
2.079387428185455744e-01,5.726414063475665506e-01,-1.982005501947954329e-01
-6.563145044792862981e-01,3.068717459406510972e+00,-1.859980991983838372e+00
1.608923096596011293e+00,-3.110550984226854165e+00,2.433387907049071597e+00
1.154036221487927810e-01,1.518068771627852476e+00,-9.377568229389117160e-01
1.767960457213516356e+00,-4.054950244526426495e+00,2.897665568165174399e+00
7.817327794605574143e-01,-9.827421311051499631e-01,9.458323074150651877e-01
2.728835001702127894e+00,-7.244217602670299350e+00,5.375394494211695573e+00
-1.229861134490993990e+00,2.331654423851849955e+00,-1.828345631377103819e+00
-2.282888395427784545e+00,3.429969323389879143e+00,-2.873309638022194079e+00
-1.580805118838742196e+00,1.745353019195341915e+00,-1.469208735683137812e+00
1.162315295096250090e+00,-6.408963547387591664e-01,7.995723617490633206e-01
2.411299876625912220e-01,3.684602593632357870e-01,-1.753000037700700453e-01
2.190565484644591443e+00,-3.974747663621267968e+00,3.348383764217325531e+00
-2.624662846781647740e+00,5.475446150252250455e+00,-4.211437420677203392e+00
4.018138462222268226e-01,-1.977407776087714009e+00,1.226210069597947205e+00
-8.101843138273921996e-01,2.008225538749327299e+00,-1.354493658725183236e+00
1.649862522653700925e+00,-2.378145754675819568e+00,2.028744588604332932e+00
-7.177712200150233590e-01,-1.511969789561261601e-01,7.823924831676406025e-03
-1.695264766368361542e+00,2.138343513410436270e+00,-1.767230467828650564e+00
1.910144377202545041e+00,-2.264268938170389323e+00,2.320160376011933590e+00
-1.785102444541462274e+00,3.581017084994406297e+00,-2.823172989944449540e+00
8.660819408197503733e-02,-9.094231889953906245e-02,9.294331749923198660e-02
-1.627468004587973915e+00,1.650168960414966968e+00,-1.406093454927615838e+00
-9.201999372835726332e-01,6.963792728731114101e-01,-5.214650239663662923e-01
-1.725968835962428116e+00,3.326114491241134896e+00,-2.771231389751646290e+00
-1.829619017587970964e+00,2.668164556936640786e+00,-2.266645539459417158e+00
1.439607576599590377e+00,-1.993229415648656522e+00,1.754980473862062240e+00
2.458844070501598811e+00,-2.953334202537943654e+00,2.473989182024351585e+00
-9.974249130999914836e-01,1.336631698489941789e+00,-8.952316327404372664e-01
-1.831730794832583387e+00,1.284207781965199802e+00,-1.325144491602490593e+00
-1.957952804740995756e+00,1.667479822463340922e+00,-1.793601430080078885e+00
-1.338839383349160306e+00,1.101927628606516496e+00,-1.115801923416454899e+00
-9.310928517929772941e-01,2.181309061694129525e+00,-1.634166782030741949e+00
-7.284201938897426620e-01,9.981147679437563092e-01,-8.380296294124630618e-01
2.835877177584401387e+00,-4.890362774420066394e+00,3.885736701934062953e+00
-1.144777077476992311e+00,3.282739990592195234e+00,-2.514684857060373258e+00
-1.771624126969700175e+00,1.290660765364655793e+00,-1.688571002472289306e+00
5.918291202415902896e-01,-3.104278802945528715e-01,2.244865035621093075e-01
4.889280646636391392e-01,-1.343254983240428135e+00,1.000987221632721136e+00
1.948229279554215765e+00,-1.925380245872115204e+00,1.852235009546847833e+00
5.852841311443848227e-01,-8.465428117844597811e-01,6.992437502529468274e-01
-1.871105883625399313e+00,2.071085158200193010e+00,-1.757082798995296180e+00
1.417911604807156889e-01,5.982032621386814686e-01,-3.071895814824808779e-01
-2.853987673993287344e-01,1.994271412760308393e-01,-3.545585711130266326e-01
-8.147481548153677755e-01,1.216172539028299360e+00,-1.123022029876400429e+00
1.705118312879347897e+00,-2.295091823672816833e+00,1.926234524078633159e+00
4.712480643154563081e-02,-6.716361101604226835e-01,2.164292007248496963e-01
-3.450439549014657770e-01,1.649994468534783820e+00,-1.171318033157534133e+00
2.921417595819357782e+00,-4.832042400831705109e+00,3.717126908958781506e+00
1.637758002199719495e-02,-3.595938057917142383e-01,1.350410281693324721e-01
1.900726770379377095e+00,-2.705432967727464888e+00,2.421885584956212867e+00
-1.998555100873549151e+00,1.885716765653569382e+00,-1.730132085740661019e+00
-1.359139470809205497e+00,2.682726145515720084e+00,-2.121714479009287668e+00
-8.229101127631963108e-03,-3.954887132416496365e-01,4.519241118356046027e-01
-1.296200893687045608e-01,7.192977000835156084e-04,-1.216130008660765982e-01
3.221920550750652978e+00,-4.733445755848855185e+00,3.867943193876612895e+00
1.279024800664455119e+00,-1.092968237725712388e+00,1.161945578676415902e+00
-7.555907883530891267e-01,8.202720007810084812e-01,-8.795940747470836207e-01
2.015877861778136715e-01,-3.956764546798979820e-01,2.826865262598888817e-01
-7.285289339235017092e-01,4.005715046362442244e+00,-2.517415526726045627e+00
8.129531602102958443e-01,-1.059209936064526847e+00,8.725433902728108038e-01
2.281495231314208283e+00,-2.209639788713233077e+00,2.170217523817306926e+00
3.048534722239483408e+00,-6.826545006356749212e+00,5.187452088348824653e+00
3.124011600118250076e+00,-5.228649252734022035e+00,4.345664638149125736e+00
1.269120200670987408e+00,-2.111412154496216331e+00,1.877948762261487214e+00
8.838242706238204072e-01,-2.980331182773053200e+00,2.399995877148241696e+00
2.574726846816877135e-01,-1.402596725290383706e+00,7.965832841453737156e-01
7.237703875509116092e-01,2.878699088040162848e-02,1.218684198049417855e-01
-1.388551919476356533e-01,8.109719096638129399e-01,-4.130717371238572522e-01
-4.050645940689402424e-01,1.096251879992682587e+00,-7.933120149864092419e-01
-1.779369798155362226e+00,-2.508076881844847339e-01,-2.978838040054477831e-01
-1.789354374463638431e+00,1.631539298551071715e+00,-1.579787483411853932e+00
3.468839001759687624e-01,-1.142100532868881801e+00,5.732842396690875919e-01
-4.287665043730991776e+00,5.154699241301663015e+00,-4.605811653682298612e+00
-5.579969564303239871e-01,1.531230165739911886e+00,-1.303790426744121600e+00
1.475233469175939005e+00,-1.341898063811184372e+00,1.382973501034399533e+00
1.508194123159375177e+00,-1.097800514529751581e+00,1.358924558736114285e+00
-7.117500225199104857e-01,2.349853299418420249e+00,-1.665216970832338772e+00
-1.358773963207070334e+00,3.104756987800841195e+00,-2.192070138318036765e+00
1.417093872871072469e+00,-2.703312654599111742e+00,2.034522585296552055e+00
1.238824927410909327e+00,-3.188390873431723005e+00,2.343385117107420257e+00
-2.896748483825135168e+00,5.072058424339784821e+00,-4.448956182880722920e+00
5.544342820565877350e-01,3.860562032154341017e-01,7.712057201734107310e-03
2.665670626682355770e+00,-3.752409267525268710e+00,3.224169411032121957e+00
-2.732499099819042154e+00,2.839262722959773999e+00,-2.715214695324453142e+00
1.575085994674124468e+00,-8.675389699672010346e-01,1.150491724772272351e+00
7.189708048248570904e-01,-5.974299527024363732e-01,4.893433190142849054e-01
1.103041793726080355e+00,3.296114791134777677e-01,6.162539701661593622e-02
7.833769832509938080e-01,-1.818962148121657518e-01,4.083154276160840257e-01
-1.315030230430057623e+00,2.497925532959955230e+00,-1.753940198667659489e+00
1.312167837537249637e+00,-2.060514691930035724e-01,6.437918131077360329e-01
1.098153002332652672e+00,-3.053880624583618975e+00,2.188496903309068209e+00
3.065494679973793657e-01,-2.489367842383464868e+00,1.475404570300814955e+00
1.043977268261553792e+00,-1.807328666782942683e+00,1.433908248018830101e+00
-1.519328264943124562e+00,2.712397721455347188e+00,-2.256315131224481352e+00
-1.183826446551255573e+00,1.987257631755780185e+00,-1.669114870078149959e+00
-2.482469379815337718e-01,7.036833903510632260e-02,-6.587872877801401184e-02
-3.748717945586071409e-01,-2.877756698926386969e-01,-1.518536284287324949e-02
-3.162538574111629419e+00,5.474393840566346370e+00,-4.714573662214543326e+00
-2.952162883222360645e-01,6.318757515643586356e-03,-5.464771596895300065e-02
-1.828575218446924777e-01,7.291128538643023571e-01,-5.315900729520409707e-01
3.131690508794897632e-01,-3.499794770540853861e-02,1.210990074429721952e-01
-3.125425648679863500e+00,2.963299119157468464e+00,-2.828860307361628745e+00
-7.447468917658013332e-01,2.028577967742854593e+00,-1.611680696878509789e+00
-2.464460480468748660e+00,4.376799678761071455e+00,-3.279756164602978696e+00
2.926305566066646491e-01,-1.907175945252080007e+00,1.154397943388171033e+00
4.463138534377961708e-01,-1.998891234673809247e+00,1.470984656381547406e+00
1.385409076645295556e+00,-2.459771699425664426e+00,1.697566013523788442e+00
-1.441813920241743041e+00,2.595236542991046225e+00,-2.028912711836320604e+00
-3.616065451145734855e+00,4.635894921939116564e+00,-4.057284825314028787e+00
5.907775291216703639e-01,-1.848625908154527098e+00,1.213976636654688468e+00
2.086595441294544440e+00,-3.576539508664736022e+00,2.896829695030588070e+00
8.225432469339308827e-01,-3.330813310847280384e-02,3.528298203728011395e-01
1.173935336095651261e+00,-3.676517766643845331e+00,2.542777970037449542e+00
-7.423013525869615048e-01,1.180389397592369383e+00,-8.520350604916534509e-01
7.234745466855225793e-01,-3.415034832764972106e-01,4.353533167433064066e-01
4.023927031687207778e-01,-1.646693285036738397e+00,1.187825699008032698e+00
7.058969282864689943e-01,-1.328506787661713373e+00,8.646182484185807038e-01
2.630854151500469307e+00,-4.401335113503551888e+00,3.491673206972244703e+00
1.993466402890132549e+00,-4.076346507178508105e+00,3.156045548561134062e+00
7.791672302090238977e-01,-1.969845293964500810e+00,1.381536536111250157e+00
-1.077554604911723724e+00,2.690295006211469886e+00,-1.898799478211114389e+00
2.966729262673544615e-02,-1.546728051960117645e+00,9.882371587062086515e-01
2.939879391001018583e+00,-4.284323473572963614e+00,3.621195940323619578e+00
2.326672748960481873e-01,-4.392961852789167287e-01,5.476894646063530381e-01
2.479722444437259643e+00,-4.069919980212056032e+00,3.468544745910195459e+00
1.521005375732950027e+00,-2.593242991687022325e+00,1.969936036403404644e+00
8.342008669621273631e-01,-7.948060607020871471e-01,8.190749829196410925e-01
-7.373568827540369908e-01,1.978410854184215584e+00,-1.584587567139697617e+00
2.893413212354812192e+00,-3.384499902190218013e+00,3.212670725441488351e+00
4.515685789905624081e-01,-1.234623345772186270e-01,1.838336197020058460e-01
-3.329378879008900727e-01,-9.533529998112529047e-02,-3.200346087019557140e-01
-2.427477503253996638e-01,3.406098461052840115e-02,-9.092943883390540438e-02
-4.633898359921237997e-01,1.424629282552519749e+00,-9.837007723666911785e-01
-1.020058128362043792e+00,1.020455382809061229e+00,-1.055528060314854244e+00
2.799962767044541057e+00,-3.477551961093694466e+00,3.279027969640930351e+00
-2.514340128149597398e+00,5.263688043131076633e+00,-4.115786601054137073e+00
-8.123301409273820939e-01,4.360296506039748055e-01,-6.704470856551029145e-01
6.695405159467665568e-02,-2.182311157552096759e-01,2.301924739840861822e-01
4.638045433796554595e-02,2.312237015472329293e-01,-2.027510466577297499e-01
1.047434669073228575e+00,-2.235692593336996659e+00,1.648760739504886663e+00
1.625526936234964914e+00,-1.926236410215177663e+00,1.688246379509178441e+00
-3.878634810587053283e-01,-1.313267015220645817e+00,6.672311958784610253e-01
1.448550816041836997e+00,-2.714012179406072089e+00,2.284878457494921467e+00
5.165285710071339936e-02,1.994380438792479726e+00,-9.219428417897579386e-01
6.552008400592744808e-01,-1.134348425087372991e+00,9.926545745880811511e-01
2.213205809597325047e+00,-3.203710184277845929e+00,2.883054630800806706e+00
-1.426396188600143722e+00,2.056152451355111932e+00,-1.791086106325271654e+00
-1.910678326312229114e+00,3.553497981342894185e+00,-2.952057225352147540e+00
-1.736899716161633744e+00,2.708668316102377904e+00,-2.349436425204886714e+00
-2.572952934157386462e+00,4.319822976764048583e+00,-3.414414409497633418e+00
8.538986399470234190e-01,-1.589617636685614066e+00,1.409952131073145765e+00
2.565273513470481159e+00,-5.729418979565441994e+00,4.393521204193979734e+00
-8.100899374108411211e-01,1.100038936467647499e+00,-1.019347932378352084e+00
-3.431727591703407354e-01,5.967763892098560952e-01,-5.808802555581854543e-01
-7.003035129645696077e-01,9.746821829025559270e-02,5.307587755139736574e-02
8.489628747000639297e-01,8.834510645328952361e-02,3.985142607241339840e-01
-8.651031831783763115e-01,1.222653905276823272e+00,-1.143424417851810926e+00
-1.786458516340728275e+00,3.178058515457902633e+00,-2.544859316307871211e+00
-3.785927734114823417e-01,-6.808622510401121097e-01,-3.119099678174169776e-03
3.146352543759387554e-01,-1.014629323441449404e+00,8.709242060773761951e-01
